{
  "experiment": "ratio-mask",
  "config": {
    "use_wiener": false,
    "wiener_power": 1.0,
    "chunk_seconds": 10.0,
    "overlap_seconds": 0.5,
    "quantization": "fp16"
  },
  "audio": {
    "source": "synthetic",
    "channels": 2,
    "samples": 661500,
    "duration_seconds": 15.0,
    "sample_rate": 44100
  },
  "timings": {
    "load_audio_ms": 0.0,
    "model_load_ms": 2827.0149080000097,
    "inference_total_ms": 8312.623554000013,
    "inference_per_chunk_ms": 4156.311777000006,
    "total_ms": 12221.178964000004
  },
  "metrics": {
    "vocals": {
      "energy_ratio": 0.21632003128432956,
      "sdr": 8.948606901914552,
      "sir": Infinity,
      "sar": 8.948606901914552
    },
    "drums": {
      "energy_ratio": 7.873893883265787e-05,
      "sdr": 1.7788340674680756,
      "sir": Infinity,
      "sar": 1.7788340674680756
    },
    "bass": {
      "energy_ratio": 0.3653734278972153,
      "sdr": 29.615239287010986,
      "sir": Infinity,
      "sar": 29.615239287010986
    },
    "other": {
      "energy_ratio": 0.003795487571497111,
      "sdr": -3.592083212843825,
      "sir": Infinity,
      "sar": -3.592083212843825
    },
    "cross_stem_leakage": {
      "bass/drums": 0.01080820757909943,
      "bass/other": 0.030448721638654024,
      "bass/vocals": 0.006403945640438686,
      "drums/other": 0.05096801395601357,
      "drums/vocals": 0.008912542566330187,
      "other/vocals": 0.13762969704079572
    },
    "reconstruction_error": 0.5373124506981277
  },
  "n_chunks": 2,
  "metadata": {
    "timestamp": "2026-03-27T06:50:01.893525+00:00",
    "platform": {
      "system": "Linux",
      "release": "6.14.0-1017-azure",
      "machine": "x86_64",
      "python": "3.11.15"
    },
    "benchmark_version": "1.0.0"
  }
}