{
  "experiment": "sharp-p3",
  "config": {
    "use_wiener": true,
    "wiener_power": 3.0,
    "chunk_seconds": 10.0,
    "overlap_seconds": 0.5,
    "quantization": "fp16"
  },
  "audio": {
    "source": "synthetic",
    "channels": 2,
    "samples": 661500,
    "duration_seconds": 15.0,
    "sample_rate": 44100
  },
  "timings": {
    "load_audio_ms": 0.0,
    "model_load_ms": 3306.507088999993,
    "inference_total_ms": 9593.047078999987,
    "inference_per_chunk_ms": 4796.523539499994,
    "total_ms": 14344.039658
  },
  "metrics": {
    "vocals": {
      "energy_ratio": 0.3808102651500507,
      "sdr": 3.2570398393104543,
      "sir": Infinity,
      "sar": 3.2570398393104543
    },
    "drums": {
      "energy_ratio": 0.0018901100289812724,
      "sdr": -4.391282730670502,
      "sir": Infinity,
      "sar": -4.391282730670502
    },
    "bass": {
      "energy_ratio": 0.39685763002162616,
      "sdr": 13.826553186994158,
      "sir": Infinity,
      "sar": 13.826553186994158
    },
    "other": {
      "energy_ratio": 0.06641995107703408,
      "sdr": 0.547289545898664,
      "sir": Infinity,
      "sar": 0.547289545898664
    },
    "cross_stem_leakage": {
      "bass/drums": 0.0006065528763388649,
      "bass/other": 0.01907214489077373,
      "bass/vocals": 0.003841670133545558,
      "drums/other": 0.015559684612435606,
      "drums/vocals": 0.010330152586646922,
      "other/vocals": 0.04202215521263908
    },
    "reconstruction_error": 0.31975149984126633
  },
  "n_chunks": 2,
  "metadata": {
    "timestamp": "2026-03-27T17:45:10.986022+00:00",
    "platform": {
      "system": "Linux",
      "release": "6.17.0-1008-azure",
      "machine": "x86_64",
      "python": "3.11.15"
    },
    "benchmark_version": "1.0.0"
  }
}