{
  "experiment": "softmask",
  "config": {
    "use_wiener": true,
    "wiener_power": 1.0,
    "chunk_seconds": 10.0,
    "overlap_seconds": 0.5,
    "quantization": "fp16"
  },
  "audio": {
    "source": "synthetic",
    "channels": 2,
    "samples": 661500,
    "duration_seconds": 15.0,
    "sample_rate": 44100
  },
  "timings": {
    "load_audio_ms": 0.0,
    "model_load_ms": 3462.5379630000025,
    "inference_total_ms": 8747.560322000012,
    "inference_per_chunk_ms": 4373.780161000006,
    "total_ms": 13337.693314000006
  },
  "metrics": {
    "vocals": {
      "energy_ratio": 0.3655055621040382,
      "sdr": 3.3692314460986656,
      "sir": Infinity,
      "sar": 3.3692314460986656
    },
    "drums": {
      "energy_ratio": 0.0016114075877235827,
      "sdr": -6.177447948898088,
      "sir": Infinity,
      "sar": -6.177447948898088
    },
    "bass": {
      "energy_ratio": 0.3958808835824547,
      "sdr": 13.406209599129589,
      "sir": Infinity,
      "sar": 13.406209599129589
    },
    "other": {
      "energy_ratio": 0.06232011748552266,
      "sdr": 0.8201205505444419,
      "sir": Infinity,
      "sar": 0.8201205505444419
    },
    "cross_stem_leakage": {
      "bass/drums": 0.0029283829261079948,
      "bass/other": 0.03688345329377029,
      "bass/vocals": 0.010102576412450916,
      "drums/other": 0.02896778474896024,
      "drums/vocals": 0.017988451505034395,
      "other/vocals": 0.07714751659570558
    },
    "reconstruction_error": 0.31971368088947466
  },
  "n_chunks": 2,
  "metadata": {
    "timestamp": "2026-03-27T05:39:40.007447+00:00",
    "platform": {
      "system": "Linux",
      "release": "6.17.0-1008-azure",
      "machine": "x86_64",
      "python": "3.11.15"
    },
    "benchmark_version": "1.0.0"
  }
}