{
  "experiment": "wiener-p2",
  "config": {
    "use_wiener": true,
    "wiener_power": 2.0,
    "chunk_seconds": 10.0,
    "overlap_seconds": 0.5,
    "quantization": "fp16"
  },
  "audio": {
    "source": "synthetic",
    "channels": 2,
    "samples": 661500,
    "duration_seconds": 15.0,
    "sample_rate": 44100
  },
  "timings": {
    "load_audio_ms": 0.0,
    "model_load_ms": 4011.6297559999907,
    "inference_total_ms": 9097.542172000034,
    "inference_per_chunk_ms": 4548.771086000017,
    "total_ms": 14651.399190000007
  },
  "metrics": {
    "vocals": {
      "energy_ratio": 0.3768105587707762,
      "sdr": 3.286563534847481,
      "sir": Infinity,
      "sar": 3.286563534847481
    },
    "drums": {
      "energy_ratio": 0.0018045572892459254,
      "sdr": -4.759509774919647,
      "sir": Infinity,
      "sar": -4.759509774919647
    },
    "bass": {
      "energy_ratio": 0.3967724347127455,
      "sdr": 13.75280605291892,
      "sir": Infinity,
      "sar": 13.75280605291892
    },
    "other": {
      "energy_ratio": 0.06567731319865316,
      "sdr": 0.6677826308748896,
      "sir": Infinity,
      "sar": 0.6677826308748896
    },
    "cross_stem_leakage": {
      "bass/drums": 0.0010426329375671397,
      "bass/other": 0.021296452487034972,
      "bass/vocals": 0.005010507452520056,
      "drums/other": 0.01936357606414407,
      "drums/vocals": 0.012292878890619686,
      "other/vocals": 0.05258224446663836
    },
    "reconstruction_error": 0.31971507158849105
  },
  "n_chunks": 2,
  "metadata": {
    "timestamp": "2026-03-27T06:50:13.010935+00:00",
    "platform": {
      "system": "Linux",
      "release": "6.14.0-1017-azure",
      "machine": "x86_64",
      "python": "3.11.15"
    },
    "benchmark_version": "1.0.0"
  }
}